asset_id,operating_hours,vibration_x_rms,vibration_y_rms,bearing_temp_c,stator_temp_c,phase_a_current_a,phase_b_current_a,phase_c_current_a,voltage_imbalance_pct,shaft_rpm,oil_viscosity_cst,load_factor,remaining_useful_life_h,fault_status
MOTOR-0000,2251.6,0.4645,0.4702,73.51,85.45,40.49,44.14,50.02,2.378,1479.3,83.67,0.92,5509,Imminent Failure
MOTOR-0001,721.4,0.6378,0.4174,75.69,82.68,34.81,55.49,45.31,1.791,1502.1,98.7,0.742,7101,Imminent Failure
MOTOR-0002,136.9,0.6029,0.2005,71.43,92.42,49.89,40.67,43.41,2.728,1486.2,101.91,0.965,7768,Imminent Failure
MOTOR-0003,3315.0,0.5448,0.515,83.52,80.63,50.16,51.73,47.96,0.348,1458.9,82.85,0.95,4264,Imminent Failure
MOTOR-0004,5936.4,0.9241,0.7111,87.68,99.55,50.38,45.53,45.79,0.915,1512.5,71.52,0.593,1579,Imminent Failure
MOTOR-0005,4606.8,0.7063,0.4239,80.5,89.63,45.38,43.35,55.76,1.082,1474.1,79.2,0.843,2995,Imminent Failure
MOTOR-0006,3087.5,0.4429,0.5833,83.06,101.09,55.45,51.07,46.38,2.05,1470.9,82.12,0.607,4428,Imminent Failure
MOTOR-0007,9912.9,1.0639,0.8072,102.09,112.73,45.7,52.72,47.73,2.363,1423.4,48.32,0.912,0,Imminent Failure
MOTOR-0008,9401.3,1.0026,0.6988,96.21,100.77,50.1,52.58,60.38,2.883,1492.7,53.56,0.818,0,Imminent Failure
MOTOR-0009,1344.0,0.533,0.5563,79.2,80.07,50.97,49.07,47.03,0.886,1482.0,95.99,0.647,6332,Degraded
MOTOR-0010,4209.6,0.7049,0.3041,58.86,93.49,56.59,48.66,50.78,1.481,1482.0,75.45,0.625,3609,Healthy
MOTOR-0011,6523.6,0.7183,0.7025,82.25,91.24,46.41,50.63,51.23,0.087,1471.9,66.79,0.715,1025,Imminent Failure
MOTOR-0012,7361.6,0.9596,0.8888,84.64,111.53,44.73,49.52,51.66,0.759,1468.5,62.46,0.9,84,Imminent Failure
MOTOR-0013,3727.1,0.6798,0.7219,85.4,88.24,40.51,50.71,49.45,1.122,1472.6,82.62,0.898,3713,Imminent Failure
MOTOR-0014,7488.2,0.8994,0.7463,100.04,90.92,55.76,49.02,48.97,1.781,1489.3,62.53,0.517,0,Imminent Failure
MOTOR-0015,1329.1,0.62,0.417,57.39,78.06,50.11,52.21,48.5,1.413,1492.8,91.72,0.651,6661,Healthy
MOTOR-0016,3384.9,0.4961,0.4591,86.44,74.64,50.27,39.86,45.12,1.093,1475.4,86.82,0.711,4259,Imminent Failure
MOTOR-0017,7192.7,0.7255,0.6514,77.21,99.95,63.58,47.34,49.63,1.872,1499.0,62.42,0.793,337,Imminent Failure
MOTOR-0018,6294.3,0.4832,0.717,74.75,84.39,49.63,41.08,58.14,2.486,1478.4,67.65,0.575,1330,Imminent Failure
MOTOR-0019,8388.4,1.0041,0.6387,88.29,107.76,41.49,49.38,54.05,0.725,1469.9,53.28,0.668,0,Imminent Failure
MOTOR-0020,563.9,0.3464,0.5134,64.15,68.2,47.02,56.21,49.52,1.029,1484.0,95.04,0.943,7332,Healthy
MOTOR-0021,1826.5,0.6112,0.729,58.01,84.93,43.13,45.63,52.28,2.115,1452.8,92.42,0.738,6096,Healthy
MOTOR-0022,580.1,0.5847,0.4158,71.94,92.66,46.02,48.64,43.65,2.334,1484.7,98.06,0.872,7111,Degraded
MOTOR-0023,2001.9,0.6904,0.3187,76.44,62.48,45.99,51.78,46.7,2.476,1449.2,91.79,0.742,5727,Imminent Failure
MOTOR-0024,142.4,0.3265,0.2443,73.86,100.47,45.06,37.66,52.74,0.628,1459.4,100.94,0.732,7758,Healthy
MOTOR-0025,5091.7,0.7448,0.6969,76.81,85.93,41.03,45.39,55.44,1.618,1439.6,80.8,0.811,2645,Imminent Failure
MOTOR-0026,5330.3,1.0171,0.606,80.67,92.07,55.96,49.82,44.15,2.7,1476.5,71.1,0.63,2153,Imminent Failure
MOTOR-0027,6613.1,1.0878,0.7697,84.6,98.94,49.49,33.52,45.58,1.176,1512.2,62.08,0.625,753,Imminent Failure
MOTOR-0028,3910.6,0.8436,0.4924,90.24,95.08,46.87,43.12,58.91,1.29,1477.7,77.3,0.995,3696,Imminent Failure
MOTOR-0029,131.8,0.5572,0.5049,42.72,83.0,51.79,53.5,48.48,2.954,1492.9,97.23,0.934,8000,Healthy
MOTOR-0030,6771.5,0.6878,0.6519,77.66,103.52,50.36,53.01,57.12,0.339,1527.0,63.22,0.869,845,Imminent Failure
MOTOR-0031,637.5,0.6397,0.3376,66.96,86.47,49.38,49.87,49.03,2.117,1488.1,97.09,0.569,7284,Degraded
MOTOR-0032,8675.1,0.9101,0.6989,82.34,114.96,51.42,52.41,49.23,2.551,1464.7,60.38,0.515,0,Imminent Failure
MOTOR-0033,324.3,0.6003,0.2693,63.91,85.87,48.67,49.08,46.47,0.452,1467.4,103.0,0.588,7700,Healthy
MOTOR-0034,5351.7,0.6727,0.8528,80.05,110.35,51.35,50.78,52.71,2.143,1480.0,74.75,0.969,2372,Imminent Failure
MOTOR-0035,8959.7,0.922,0.7468,86.62,106.93,51.77,46.42,54.79,1.409,1467.3,61.63,0.908,0,Imminent Failure
MOTOR-0036,5767.6,0.813,0.708,82.82,73.48,48.81,48.58,42.82,2.559,1468.8,70.09,0.762,1784,Imminent Failure
MOTOR-0037,6123.3,0.8431,0.5805,88.4,118.36,46.9,44.84,46.24,2.722,1499.7,64.49,0.984,1354,Imminent Failure
MOTOR-0038,6847.9,0.9165,0.5477,83.65,87.95,55.65,54.32,52.58,2.617,1500.5,68.92,0.573,872,Imminent Failure
MOTOR-0039,1311.8,0.4787,0.4244,65.31,97.58,45.61,55.61,47.35,0.193,1447.1,87.92,0.78,6508,Healthy
MOTOR-0040,6781.8,0.6376,0.8034,84.02,93.83,49.96,54.9,45.53,2.271,1463.6,63.83,0.592,881,Imminent Failure
MOTOR-0041,8815.5,1.1845,0.6901,91.39,108.24,50.07,45.96,53.05,2.765,1470.7,57.48,0.653,0,Imminent Failure
MOTOR-0042,9744.8,1.3606,0.6853,80.31,92.6,44.95,43.23,53.52,1.864,1492.0,50.97,0.97,0,Imminent Failure
MOTOR-0043,4486.2,0.7914,0.5981,82.15,95.23,43.96,54.38,45.75,1.803,1502.9,77.0,0.934,3032,Imminent Failure
MOTOR-0044,3510.6,0.4769,0.6003,71.92,84.49,46.23,50.72,49.06,0.135,1534.0,78.9,0.551,4286,Healthy
MOTOR-0045,7557.8,0.7619,0.8995,97.77,110.91,45.54,49.64,41.96,2.568,1470.7,62.18,0.625,0,Imminent Failure
MOTOR-0046,5474.5,0.8501,0.6614,86.15,95.34,40.71,44.83,43.52,0.139,1471.7,75.64,0.797,2065,Imminent Failure
MOTOR-0047,2647.3,0.8335,0.5832,82.3,94.65,44.74,50.13,48.62,0.941,1491.8,86.82,0.531,4994,Imminent Failure
MOTOR-0048,1804.4,0.4083,0.5585,62.33,61.97,49.33,42.57,48.16,2.778,1466.4,88.49,0.775,6095,Degraded
MOTOR-0049,1785.3,0.5706,0.333,67.38,82.71,54.33,51.17,43.17,2.849,1477.2,87.33,0.792,5925,Degraded
MOTOR-0050,4645.9,0.7617,0.4702,69.0,93.4,50.77,54.89,44.42,2.976,1471.7,74.34,0.645,3038,Imminent Failure
MOTOR-0051,1784.2,0.7189,0.3413,64.71,85.8,35.0,56.16,42.67,1.429,1427.6,92.26,0.647,6033,Healthy
MOTOR-0052,295.2,0.4632,0.252,75.9,90.2,51.21,51.54,50.28,0.532,1482.5,99.55,0.615,7454,Degraded
MOTOR-0053,615.7,0.2962,0.5201,78.75,77.57,45.21,41.09,38.16,1.464,1476.4,94.52,0.968,7186,Degraded
MOTOR-0054,9305.9,1.0585,0.807,83.73,99.1,50.27,48.99,42.94,0.307,1505.4,46.84,0.694,0,Imminent Failure
MOTOR-0055,822.3,0.7098,0.4424,63.8,93.46,47.93,58.7,38.69,2.618,1480.1,97.15,0.793,6835,Degraded
MOTOR-0056,824.5,0.5288,0.1219,66.86,58.86,47.04,43.66,50.1,1.682,1454.9,93.18,0.651,6935,Healthy
MOTOR-0057,4566.8,0.7891,0.8293,83.39,95.03,47.49,47.7,38.99,1.214,1474.8,79.23,0.851,2980,Imminent Failure
MOTOR-0058,2526.5,0.5552,0.3937,58.5,81.71,47.89,55.07,48.16,0.239,1438.2,85.1,0.551,5565,Healthy
MOTOR-0059,9630.7,0.8547,1.0314,81.07,90.14,54.72,51.09,56.2,1.216,1455.8,48.88,0.536,0,Imminent Failure
MOTOR-0060,9118.8,1.1099,0.5908,96.27,101.6,47.9,60.4,56.37,2.599,1492.7,54.87,0.872,0,Imminent Failure
MOTOR-0061,4107.0,0.7635,0.4668,61.73,100.49,53.43,44.34,38.97,2.11,1475.1,86.54,0.863,3739,Degraded
MOTOR-0062,4542.4,0.8007,0.3174,75.05,99.48,52.7,43.05,49.49,0.247,1498.5,79.53,0.633,3216,Degraded
MOTOR-0063,3813.6,0.916,0.596,77.74,86.28,51.34,54.12,43.06,0.48,1440.7,81.34,0.678,3652,Imminent Failure
MOTOR-0064,474.9,0.3655,0.2868,69.75,89.71,39.07,42.02,42.03,1.177,1475.2,98.7,0.979,7388,Healthy
MOTOR-0065,2999.2,0.5672,0.3912,72.86,94.68,53.58,47.02,47.43,0.304,1470.5,79.75,0.552,4653,Degraded
MOTOR-0066,1314.5,0.5894,0.2879,66.02,81.76,45.71,47.67,54.14,2.802,1499.1,90.06,0.592,6462,Degraded
MOTOR-0067,1113.5,0.471,0.5378,75.1,75.3,51.58,53.18,51.0,1.957,1493.5,86.9,0.715,6885,Imminent Failure
MOTOR-0068,5652.5,0.9001,0.7115,84.24,84.95,43.14,51.07,44.42,0.284,1492.8,76.93,0.641,1901,Imminent Failure
MOTOR-0069,1077.8,0.5258,0.6606,63.06,90.53,42.07,50.29,51.53,2.364,1510.8,99.19,0.825,6689,Degraded
MOTOR-0070,1119.0,0.4071,0.3625,68.66,81.82,57.88,45.99,36.78,1.105,1472.6,95.58,0.845,6752,Healthy
MOTOR-0071,4857.1,0.7527,0.6205,82.64,79.25,43.22,54.08,44.24,0.735,1506.7,76.12,0.763,2654,Imminent Failure
MOTOR-0072,4478.6,0.7495,0.4244,92.18,72.11,53.73,68.13,43.88,1.71,1459.1,72.95,0.806,2816,Imminent Failure
MOTOR-0073,1462.6,0.7133,0.4183,75.68,91.24,48.59,51.46,48.39,0.04,1458.4,92.03,0.717,6444,Degraded
MOTOR-0074,144.0,0.5662,0.3435,75.15,74.82,45.9,48.5,46.99,1.396,1495.1,104.66,0.88,7655,Degraded
MOTOR-0075,2010.4,0.6697,0.5362,66.15,87.32,47.78,41.51,47.29,2.531,1449.9,90.34,0.521,5797,Degraded
MOTOR-0076,2435.3,0.6698,0.6195,68.11,97.27,41.49,44.81,47.13,2.784,1491.5,86.13,0.656,5261,Imminent Failure
MOTOR-0077,8022.5,0.8729,0.8398,87.18,82.96,47.93,46.93,48.11,1.028,1482.0,54.61,0.842,0,Imminent Failure
MOTOR-0078,9162.8,0.8507,0.6654,91.34,97.87,42.59,45.33,50.7,1.927,1501.4,58.33,0.665,0,Imminent Failure
MOTOR-0079,4118.8,0.7493,0.6846,69.29,86.53,46.02,47.92,48.75,0.68,1478.8,79.2,0.539,3677,Degraded
MOTOR-0080,4109.8,0.6555,0.5591,87.46,92.02,52.63,56.89,46.58,1.681,1481.1,74.18,0.673,3064,Imminent Failure
MOTOR-0081,7153.6,1.1112,0.6472,93.53,106.7,49.27,54.24,50.01,0.762,1490.2,61.46,0.856,416,Imminent Failure
MOTOR-0082,6306.5,1.0167,0.5672,81.47,79.32,40.59,47.21,52.13,1.714,1466.7,64.63,0.561,1210,Imminent Failure
MOTOR-0083,1923.0,0.6911,0.4097,75.9,89.54,52.26,41.96,45.22,0.515,1465.9,89.99,0.862,5794,Degraded
MOTOR-0084,1166.1,0.6151,0.6557,70.28,92.65,47.96,54.69,47.7,2.824,1489.5,94.79,0.888,6656,Imminent Failure
MOTOR-0085,4432.4,0.7084,0.6142,84.06,87.0,45.29,47.75,53.81,2.661,1479.4,76.33,0.818,3107,Imminent Failure
MOTOR-0086,5691.8,0.5954,0.6486,71.32,90.01,51.73,39.37,42.49,1.011,1471.9,73.87,0.622,2139,Degraded
MOTOR-0087,1473.2,0.5412,0.4275,68.25,87.13,47.16,51.56,57.02,2.33,1478.3,92.87,0.903,6257,Degraded
MOTOR-0088,3003.4,0.6654,0.8137,73.55,89.45,42.17,53.13,41.3,0.287,1511.9,88.17,0.607,4604,Degraded
MOTOR-0089,3128.8,0.6909,0.6818,79.38,92.08,57.24,35.87,46.27,2.221,1471.1,83.28,0.953,4479,Imminent Failure
MOTOR-0090,2686.9,0.7048,0.4209,68.03,90.99,47.91,43.88,43.25,0.847,1470.6,95.7,0.853,5244,Degraded
MOTOR-0091,4661.5,0.8713,0.5536,58.99,79.5,47.59,47.45,58.94,0.407,1445.9,75.0,0.527,3177,Healthy
MOTOR-0092,6565.3,0.7244,0.6369,76.04,103.03,45.97,51.67,45.48,2.035,1479.2,64.46,0.9,990,Imminent Failure
MOTOR-0093,5143.0,0.6547,0.6232,79.94,101.95,53.9,45.42,45.5,1.409,1493.1,71.21,0.753,2582,Imminent Failure
MOTOR-0094,2094.4,0.8223,0.3996,71.79,86.05,45.38,43.84,46.15,1.59,1496.7,88.9,0.726,5546,Degraded
MOTOR-0095,1119.1,0.6716,0.4974,81.83,67.3,40.28,51.64,48.48,1.562,1482.2,89.25,0.71,6406,Imminent Failure
MOTOR-0096,8236.5,0.8532,0.9037,94.37,95.33,44.61,45.66,46.36,0.178,1499.1,59.7,0.803,0,Imminent Failure
MOTOR-0097,4845.1,0.7262,0.4362,80.19,91.63,54.63,50.71,47.34,0.154,1494.6,70.06,0.862,2771,Imminent Failure
MOTOR-0098,715.2,0.5204,0.2932,66.89,69.98,52.16,42.44,30.35,1.804,1502.3,96.91,0.948,6941,Degraded
MOTOR-0099,2655.4,0.6375,0.4482,81.8,81.71,46.72,41.24,48.29,1.872,1499.7,82.67,0.636,4855,Imminent Failure
MOTOR-0100,8059.9,0.9739,0.67,84.46,82.03,54.87,51.78,48.09,0.142,1511.4,58.56,0.815,0,Imminent Failure
MOTOR-0101,7542.1,1.2574,0.9415,86.5,101.16,51.74,49.26,53.19,1.135,1476.6,64.1,0.843,0,Imminent Failure
MOTOR-0102,8770.6,0.967,0.871,82.6,99.2,46.67,52.61,54.55,1.839,1453.5,63.06,0.837,0,Imminent Failure
MOTOR-0103,6060.7,0.9024,0.7557,94.53,75.66,47.17,45.34,47.06,1.97,1493.3,66.46,0.747,1441,Imminent Failure
MOTOR-0104,4286.8,0.4614,0.5397,81.0,92.09,49.65,44.02,52.08,2.485,1495.6,78.12,0.696,3458,Imminent Failure
MOTOR-0105,4323.7,0.6434,0.5386,72.31,88.08,43.84,54.8,42.49,1.262,1511.4,76.21,0.881,3492,Degraded
MOTOR-0106,2020.6,0.7854,0.3066,70.15,89.21,48.02,40.39,51.84,1.645,1505.6,87.29,0.65,5681,Degraded
MOTOR-0107,6542.9,0.8875,0.7555,88.71,89.17,49.54,54.26,45.14,1.736,1518.9,65.14,0.604,810,Imminent Failure
MOTOR-0108,5892.2,0.1362,0.6946,80.67,83.77,39.57,54.6,42.08,0.936,1492.4,73.01,0.773,1819,Imminent Failure
MOTOR-0109,1633.2,0.6828,0.6196,65.62,75.56,47.05,52.3,47.07,0.161,1484.6,90.37,0.634,6275,Healthy
MOTOR-0110,8868.1,1.2311,0.7294,86.37,92.35,46.48,44.56,55.0,0.013,1452.3,62.41,0.517,0,Imminent Failure
MOTOR-0111,3747.8,0.388,0.5329,78.96,87.68,53.14,43.92,48.91,2.508,1486.2,82.51,0.526,3952,Imminent Failure
MOTOR-0112,592.4,0.7575,0.4441,63.91,82.66,38.78,46.95,55.48,0.601,1468.9,94.01,0.848,7242,Healthy
MOTOR-0113,3346.0,0.2515,0.6409,71.41,84.78,46.09,41.52,44.26,1.891,1484.2,82.17,0.987,4530,Degraded
MOTOR-0114,8711.6,1.0763,0.572,80.45,93.19,45.59,43.19,53.24,1.731,1481.1,54.04,0.727,0,Imminent Failure
MOTOR-0115,9177.9,0.9576,0.8554,93.15,94.84,52.8,51.22,44.74,1.199,1489.4,56.51,0.574,0,Imminent Failure
MOTOR-0116,4954.9,0.3953,0.5957,78.42,114.99,47.78,51.25,49.13,2.5,1478.1,70.31,0.909,2687,Imminent Failure
MOTOR-0117,9567.8,1.0453,0.6557,91.13,91.43,56.98,42.75,49.08,2.095,1498.7,48.14,0.631,0,Imminent Failure
MOTOR-0118,8764.9,1.1109,0.5004,92.88,91.95,51.31,51.38,51.31,0.068,1425.5,54.4,0.998,0,Imminent Failure
MOTOR-0119,8269.8,0.9681,0.7144,95.79,129.48,45.95,50.27,49.25,2.33,1483.8,60.7,0.782,0,Imminent Failure
MOTOR-0120,8611.1,1.0183,0.9182,96.45,101.43,49.2,55.55,44.3,1.521,1504.0,60.64,0.616,0,Imminent Failure
MOTOR-0121,3880.6,0.6323,0.7562,81.06,73.96,46.23,50.85,52.4,1.041,1517.4,84.74,0.748,3773,Imminent Failure
MOTOR-0122,7589.0,0.6002,0.7462,85.84,103.6,52.3,53.29,56.66,2.181,1494.6,63.64,0.668,0,Imminent Failure
MOTOR-0123,5815.7,0.8946,0.8681,77.91,82.53,41.34,50.39,45.08,2.058,1513.7,70.67,0.89,1700,Imminent Failure
MOTOR-0124,7224.9,1.1237,0.6838,78.32,103.54,43.88,52.9,38.82,0.932,1483.4,66.26,0.553,347,Imminent Failure
MOTOR-0125,1860.1,0.7624,0.5888,65.83,81.61,50.28,41.56,50.5,2.949,1480.1,87.27,0.929,5796,Imminent Failure
MOTOR-0126,7340.8,0.5689,0.6395,87.18,90.28,54.13,47.39,46.34,1.946,1490.6,57.76,0.884,198,Imminent Failure
MOTOR-0127,9580.2,0.7518,0.7215,87.45,115.25,36.99,47.81,47.34,1.817,1479.9,53.41,0.931,0,Imminent Failure
MOTOR-0128,3096.4,0.5279,0.4426,75.06,91.86,54.87,46.78,50.78,0.21,1464.4,81.5,0.947,4569,Degraded
MOTOR-0129,9863.0,0.7542,0.5473,86.87,109.46,47.3,50.22,45.72,0.838,1469.7,50.49,0.615,0,Imminent Failure
MOTOR-0130,3845.9,0.6989,0.7083,63.25,92.04,38.58,51.17,46.66,1.341,1457.8,81.13,0.761,4040,Degraded
MOTOR-0131,2077.3,0.6629,0.4061,77.79,79.71,32.99,49.96,47.5,1.892,1490.6,90.36,0.925,5457,Imminent Failure
MOTOR-0132,1211.6,0.346,0.3523,64.84,88.54,40.35,47.12,55.35,1.538,1480.2,96.76,0.689,6651,Healthy
MOTOR-0133,7871.1,1.0101,0.5732,81.92,107.83,47.9,44.32,48.15,2.289,1472.8,63.14,0.53,0,Imminent Failure
MOTOR-0134,5592.8,0.8698,0.5992,73.03,92.53,47.67,53.49,41.82,0.788,1468.7,72.62,0.646,2013,Imminent Failure
MOTOR-0135,3140.6,0.5748,0.7372,77.81,104.3,51.17,49.75,42.02,2.106,1490.1,82.97,0.621,4323,Imminent Failure
MOTOR-0136,6123.7,0.7803,0.8962,94.37,100.75,45.25,42.91,48.7,2.45,1495.6,69.7,0.935,1053,Imminent Failure
MOTOR-0137,3387.8,0.3769,0.3362,71.94,88.9,42.46,47.03,42.35,2.295,1457.4,81.27,0.732,4322,Imminent Failure
MOTOR-0138,4538.7,0.6771,0.539,76.89,91.59,45.93,39.28,40.19,2.313,1454.2,76.72,0.842,2946,Imminent Failure
MOTOR-0139,8640.4,0.9331,0.6215,99.49,98.65,48.17,48.18,51.18,2.666,1499.1,64.65,0.981,0,Imminent Failure
MOTOR-0140,6714.8,0.8611,0.7872,70.66,80.92,49.15,47.01,51.42,0.253,1452.5,66.97,0.65,1187,Degraded
MOTOR-0141,7647.8,0.9392,0.7403,103.68,94.39,44.05,45.13,46.16,2.092,1490.9,63.11,0.881,0,Imminent Failure
MOTOR-0142,5876.6,0.8305,0.5587,102.18,93.97,52.51,55.92,49.47,2.906,1512.3,68.5,0.511,1284,Imminent Failure
MOTOR-0143,9914.8,0.9561,0.8053,73.09,95.67,44.89,42.22,48.94,1.721,1512.4,53.49,0.552,0,Imminent Failure
MOTOR-0144,2490.0,0.6674,0.4423,71.69,88.36,43.65,51.53,51.01,0.652,1494.8,89.83,0.581,5297,Degraded
MOTOR-0145,2696.7,0.7851,0.7016,67.34,85.61,45.29,58.93,51.02,2.996,1494.2,88.82,0.656,4985,Imminent Failure
MOTOR-0146,1016.3,0.5365,0.5063,65.93,89.77,53.37,53.39,34.97,0.524,1525.0,95.56,0.701,6831,Healthy
MOTOR-0147,5584.8,0.8269,0.7038,78.41,97.8,47.34,47.84,46.8,1.007,1433.3,75.18,0.739,2061,Imminent Failure
MOTOR-0148,6172.3,0.7807,0.3269,90.01,94.02,44.53,42.33,50.59,0.516,1470.7,72.95,0.623,1451,Imminent Failure
MOTOR-0149,7287.0,0.7673,0.6835,85.96,80.9,52.63,41.19,45.95,1.394,1497.0,64.41,0.533,150,Imminent Failure
MOTOR-0150,3420.9,0.7495,0.7868,67.98,104.75,58.71,45.94,48.18,1.257,1473.3,82.55,0.839,4271,Degraded
MOTOR-0151,221.3,0.4278,0.568,64.29,79.02,49.05,44.56,51.75,1.474,1504.8,101.58,0.512,7522,Healthy
MOTOR-0152,6359.1,0.8759,0.4327,88.2,91.91,54.17,44.4,48.4,2.784,1479.2,65.49,0.905,1045,Imminent Failure
MOTOR-0153,9987.1,1.0036,0.7619,85.49,96.55,53.18,46.37,55.54,1.435,1482.6,47.91,0.965,0,Imminent Failure
MOTOR-0154,3016.0,0.6052,0.3765,60.88,81.15,44.97,47.49,53.63,1.544,1474.5,84.76,0.855,4832,Healthy
MOTOR-0155,1921.0,0.5468,0.6822,86.7,99.28,48.13,50.43,47.41,2.66,1469.5,85.17,0.798,5473,Imminent Failure
MOTOR-0156,2889.5,0.5683,0.5449,68.53,99.64,41.59,41.81,47.01,2.453,1469.1,88.04,0.829,4978,Imminent Failure
MOTOR-0157,4311.6,0.4687,0.4803,76.84,93.07,46.98,44.59,33.75,0.719,1485.4,75.55,0.826,3345,Degraded
MOTOR-0158,2584.0,0.6866,0.5075,69.57,84.09,44.87,47.2,46.37,0.039,1464.5,85.67,0.966,5249,Healthy
MOTOR-0159,3534.9,0.7115,0.2285,79.99,93.26,45.99,47.02,41.23,1.888,1499.1,81.69,0.982,3881,Imminent Failure
MOTOR-0160,6418.2,0.9484,0.5265,98.44,93.57,44.25,57.18,49.11,2.535,1493.1,68.03,0.713,828,Imminent Failure
MOTOR-0161,3515.8,0.5961,0.545,80.19,85.13,46.56,49.16,48.76,1.659,1502.0,81.39,0.809,3967,Imminent Failure
MOTOR-0162,4021.0,0.9854,0.6623,64.92,91.42,50.66,39.93,51.48,0.634,1457.4,79.69,0.901,3722,Degraded
MOTOR-0163,496.3,0.4679,0.1869,55.42,76.58,47.4,50.09,54.98,2.224,1446.0,97.34,0.501,7708,Healthy
MOTOR-0164,9187.6,0.8281,0.7218,89.37,100.9,38.68,50.73,47.87,2.009,1479.9,52.72,0.764,0,Imminent Failure
MOTOR-0165,4128.2,0.5574,0.6863,75.24,90.3,44.27,47.37,59.4,1.695,1538.0,77.04,0.826,3543,Imminent Failure
MOTOR-0166,3348.6,0.4073,0.3598,61.27,92.73,40.4,41.93,49.16,2.59,1505.3,86.5,0.859,4868,Degraded
MOTOR-0167,956.2,0.7777,0.4657,74.42,75.72,49.22,56.79,41.45,2.353,1468.9,88.91,0.684,6585,Imminent Failure
MOTOR-0168,6378.4,1.0246,0.6631,75.44,99.86,50.52,42.65,45.19,2.004,1488.5,67.49,0.648,1316,Imminent Failure
MOTOR-0169,8651.9,1.0227,0.9518,102.9,88.24,49.28,51.3,46.14,1.994,1494.6,55.33,0.591,0,Imminent Failure
MOTOR-0170,507.4,0.391,0.3927,81.09,75.29,44.06,49.0,50.96,1.987,1452.6,98.72,0.779,7089,Imminent Failure
MOTOR-0171,1538.2,0.8486,0.4409,67.63,77.79,49.23,51.0,43.26,1.575,1507.4,87.95,0.96,6071,Degraded
MOTOR-0172,1549.3,0.5247,0.5646,73.16,72.38,45.65,56.53,46.51,1.392,1476.7,90.75,0.948,6207,Degraded
MOTOR-0173,6062.5,0.7628,0.4833,73.33,102.28,42.31,50.81,47.19,2.129,1478.2,69.38,0.68,1602,Imminent Failure
MOTOR-0174,9220.2,1.1766,0.7423,97.65,88.75,51.71,45.21,45.76,1.831,1480.5,57.11,0.629,0,Imminent Failure
MOTOR-0175,4433.9,0.8205,0.5227,74.32,81.88,52.09,53.53,52.06,1.47,1502.9,78.83,0.894,3327,Imminent Failure
MOTOR-0176,3503.7,1.0053,0.5235,66.81,99.56,52.74,44.84,51.21,0.38,1464.9,78.93,0.862,4200,Degraded
MOTOR-0177,7681.8,0.9214,0.8091,85.73,89.66,44.96,48.82,53.83,2.106,1445.9,60.13,0.753,0,Imminent Failure
MOTOR-0178,7451.4,0.813,0.7646,83.63,93.02,53.9,41.53,46.34,1.938,1486.5,65.4,0.695,130,Imminent Failure
MOTOR-0179,2542.9,0.5354,0.4119,70.03,74.97,45.53,42.83,54.01,1.027,1439.1,83.68,0.562,5096,Degraded
MOTOR-0180,1692.2,0.3076,0.4841,77.67,91.71,51.27,48.26,41.18,1.069,1474.0,91.3,0.893,5949,Degraded
MOTOR-0181,3642.3,0.6403,0.7245,69.64,95.75,45.45,49.84,41.06,0.74,1503.7,81.76,0.809,4143,Degraded
MOTOR-0182,7778.5,1.0606,0.6114,102.22,102.95,46.88,39.49,41.93,2.886,1491.6,59.95,0.688,0,Imminent Failure
MOTOR-0183,6981.1,0.9389,0.6967,75.34,99.34,35.89,50.49,48.05,2.581,1500.8,73.18,0.959,741,Imminent Failure
MOTOR-0184,6692.0,0.8376,0.6445,98.0,94.12,46.49,43.9,54.01,1.683,1492.4,65.3,0.83,573,Imminent Failure
MOTOR-0185,8311.3,0.7663,0.7249,81.8,91.38,48.46,54.4,44.99,1.205,1528.2,59.79,0.965,0,Imminent Failure
MOTOR-0186,2843.6,0.6762,0.3181,73.52,77.54,45.95,46.24,45.62,2.21,1468.2,83.48,0.737,4740,Imminent Failure
MOTOR-0187,3462.9,0.8251,0.7078,71.47,99.82,56.78,42.38,46.92,1.583,1488.0,84.27,0.727,4261,Imminent Failure
MOTOR-0188,519.2,0.5906,0.3278,63.81,88.69,42.19,48.38,50.86,2.928,1471.2,100.02,0.969,7263,Degraded
MOTOR-0189,8700.6,0.96,0.8712,97.51,90.47,45.18,43.42,45.61,0.165,1499.1,54.73,0.98,0,Imminent Failure
MOTOR-0190,5866.1,0.6738,0.5601,94.6,92.13,43.48,54.34,45.33,0.103,1478.8,70.51,0.98,1543,Imminent Failure
MOTOR-0191,3051.4,0.7826,0.447,83.68,83.1,45.18,48.0,41.27,1.706,1514.4,82.06,0.909,4516,Imminent Failure
MOTOR-0192,787.2,0.0696,0.5771,64.12,70.29,53.16,47.24,45.14,0.61,1469.4,92.63,0.731,7137,Healthy
MOTOR-0193,7261.8,0.9205,0.8097,88.26,96.3,55.39,50.96,53.89,1.813,1508.1,66.8,0.605,74,Imminent Failure
MOTOR-0194,7512.5,1.2612,0.7255,81.28,90.87,44.5,42.98,48.45,2.344,1491.9,60.78,0.692,0,Imminent Failure
MOTOR-0195,6695.2,0.6085,0.7591,77.15,83.86,44.38,41.55,44.3,0.414,1479.4,59.28,0.969,686,Imminent Failure
MOTOR-0196,2117.4,0.5697,0.4501,62.18,69.44,42.21,50.04,54.18,1.322,1490.8,94.71,0.682,5711,Healthy
MOTOR-0197,9140.8,0.9559,0.7646,88.92,82.64,54.53,42.5,45.07,2.066,1485.2,51.89,0.878,0,Imminent Failure
MOTOR-0198,7556.3,0.8084,0.6229,89.67,91.4,53.61,42.5,55.1,2.502,1487.1,61.48,0.962,0,Imminent Failure
MOTOR-0199,6611.8,0.986,0.773,69.54,92.37,47.47,52.18,55.02,1.489,1475.9,71.86,0.985,1034,Imminent Failure
MOTOR-0200,6544.3,0.8981,0.5786,84.26,84.34,41.02,50.63,48.28,0.618,1466.0,66.85,0.974,912,Imminent Failure
MOTOR-0201,9053.1,0.9755,0.9403,104.29,104.61,41.47,41.73,40.51,1.757,1473.3,54.24,0.778,0,Imminent Failure
MOTOR-0202,9290.2,1.0841,0.7337,101.85,97.93,48.85,44.9,59.45,1.364,1446.3,49.86,0.746,0,Imminent Failure
MOTOR-0203,5996.8,0.8024,0.6423,78.31,97.76,50.75,43.48,49.94,2.316,1496.8,65.11,0.994,1533,Imminent Failure
MOTOR-0204,4225.0,1.1882,0.66,66.5,86.62,37.67,56.88,46.38,1.667,1455.3,78.38,0.609,3475,Imminent Failure
MOTOR-0205,3701.0,0.7078,0.5509,79.78,79.53,46.39,52.53,52.78,0.838,1475.6,82.58,0.594,3868,Imminent Failure
MOTOR-0206,8208.9,0.9397,0.6926,71.09,97.56,56.09,45.9,51.51,2.263,1493.0,59.87,0.982,0,Imminent Failure
MOTOR-0207,6481.6,0.5675,0.6557,93.33,80.34,46.91,50.88,54.55,1.553,1496.8,66.15,0.845,832,Imminent Failure
MOTOR-0208,864.9,0.4617,0.5419,65.89,87.12,55.45,41.22,44.69,0.533,1444.5,95.74,0.768,6898,Healthy
MOTOR-0209,1507.6,0.7475,0.3808,84.17,73.64,51.25,44.64,49.59,1.689,1478.2,86.95,0.566,6011,Imminent Failure
MOTOR-0210,9011.8,0.7503,0.7453,78.22,107.21,42.58,48.52,42.07,2.845,1489.2,56.32,0.757,0,Imminent Failure
MOTOR-0211,8856.5,0.6192,0.7555,98.91,94.33,46.54,50.26,51.33,2.117,1481.0,56.2,0.972,0,Imminent Failure
MOTOR-0212,9523.1,0.981,0.8847,92.77,109.67,47.36,47.51,47.89,0.896,1506.9,58.31,0.801,0,Imminent Failure
MOTOR-0213,4335.7,0.9224,0.5614,75.36,77.45,43.24,49.24,49.41,2.133,1463.6,78.34,0.702,3337,Imminent Failure
MOTOR-0214,7862.2,0.8995,0.9315,77.63,88.95,43.15,48.39,47.27,0.848,1439.0,57.86,0.776,0,Imminent Failure
MOTOR-0215,8299.4,0.8646,0.7132,94.66,100.41,55.53,47.18,46.75,1.628,1496.2,58.35,0.943,0,Imminent Failure
MOTOR-0216,3225.4,0.3825,0.5005,80.09,98.16,43.11,46.52,43.66,1.58,1469.3,82.89,0.956,4488,Imminent Failure
MOTOR-0217,1538.8,0.6448,0.441,83.9,99.74,53.39,45.87,51.95,0.742,1444.8,93.61,0.7,6245,Imminent Failure
MOTOR-0218,9970.6,1.0977,0.6408,102.98,100.35,45.82,49.16,55.45,1.044,1476.8,50.23,0.804,0,Imminent Failure
MOTOR-0219,399.2,0.2527,0.2916,61.45,99.18,47.87,50.05,45.22,2.827,1504.6,94.22,0.64,7414,Healthy
MOTOR-0220,6013.6,0.9709,0.5769,75.01,89.13,50.81,48.99,50.77,0.752,1454.7,65.02,0.726,1466,Imminent Failure
MOTOR-0221,6537.1,0.9417,0.7978,73.66,104.06,45.01,42.11,50.16,2.403,1526.7,68.1,0.61,1248,Imminent Failure
MOTOR-0222,6849.7,1.0123,0.67,97.33,84.28,50.84,43.01,48.04,2.002,1463.2,69.9,0.766,580,Imminent Failure
MOTOR-0223,2630.7,0.7191,0.4471,66.67,89.46,37.77,49.99,40.37,1.598,1481.7,87.08,0.789,5060,Degraded
MOTOR-0224,7243.6,0.9602,0.8369,98.57,71.07,50.2,55.36,41.49,0.413,1455.6,66.22,0.669,0,Imminent Failure
MOTOR-0225,2242.4,0.6902,0.6758,75.93,73.27,35.66,48.76,44.1,0.614,1480.8,91.83,0.636,5405,Degraded
MOTOR-0226,8307.5,1.0456,0.8829,92.56,101.28,46.87,45.94,37.3,0.537,1477.3,59.26,0.576,0,Imminent Failure
MOTOR-0227,2269.3,0.3406,0.3884,69.35,71.41,52.27,49.12,55.04,1.76,1450.2,86.21,0.57,5416,Degraded
MOTOR-0228,6997.4,0.6247,0.6205,91.28,98.26,51.11,42.32,49.84,2.92,1536.5,65.6,0.856,199,Imminent Failure
MOTOR-0229,7855.8,0.7824,0.9319,88.44,104.78,41.51,54.54,47.85,2.632,1470.1,64.34,0.611,0,Imminent Failure
MOTOR-0230,1970.6,0.5791,0.5078,67.96,78.93,42.15,48.93,37.05,0.076,1470.1,91.74,0.559,5898,Healthy
MOTOR-0231,2456.1,0.681,0.4661,77.94,75.22,44.56,44.65,38.88,0.821,1499.4,89.96,0.999,5234,Imminent Failure
MOTOR-0232,7813.1,0.9394,0.7987,87.29,90.88,48.93,47.17,47.99,0.472,1516.3,59.55,0.63,0,Imminent Failure
MOTOR-0233,951.4,0.7151,0.5589,61.47,72.24,37.84,45.36,57.85,2.927,1502.5,94.64,0.948,6917,Degraded
MOTOR-0234,1988.5,0.7717,0.411,75.76,82.96,47.93,54.56,44.51,0.707,1456.0,89.7,0.805,5523,Degraded
MOTOR-0235,4609.8,0.5996,0.6107,78.32,90.24,49.56,46.99,52.32,0.604,1484.3,76.8,0.858,2968,Imminent Failure
MOTOR-0236,9308.8,1.0012,0.8835,96.84,95.56,46.58,48.78,45.6,1.863,1442.4,56.96,0.78,0,Imminent Failure
MOTOR-0237,5662.6,0.656,0.4873,78.36,108.07,50.63,50.87,48.28,1.669,1498.0,64.65,0.59,1729,Imminent Failure
MOTOR-0238,3938.0,0.6687,0.559,67.14,80.68,49.12,44.3,54.07,0.678,1447.3,80.4,0.924,3846,Degraded
MOTOR-0239,9785.9,1.0376,0.6577,108.24,113.49,45.29,48.97,46.27,2.011,1463.9,50.83,0.914,0,Imminent Failure
MOTOR-0240,4690.7,0.2232,0.4696,91.45,78.97,38.32,49.37,44.55,0.291,1479.9,72.43,0.675,2829,Imminent Failure
MOTOR-0241,4394.0,1.0814,0.5082,85.25,89.52,48.67,40.23,55.09,0.058,1488.9,80.05,0.882,3029,Imminent Failure
MOTOR-0242,4175.3,0.7937,0.6243,74.42,100.18,43.23,49.26,48.23,0.247,1474.8,76.95,0.772,3418,Degraded
MOTOR-0243,3190.6,0.5702,0.489,72.17,97.69,45.11,47.77,53.46,1.095,1510.4,82.98,0.955,4373,Degraded
MOTOR-0244,3324.4,0.9553,0.4552,86.03,82.45,50.4,48.65,44.57,2.925,1494.5,88.92,0.901,4096,Imminent Failure
MOTOR-0245,6909.6,0.7934,0.6826,82.9,99.37,55.09,48.18,55.03,1.642,1492.9,68.48,0.52,584,Imminent Failure
MOTOR-0246,504.3,0.5451,0.2825,61.45,85.22,47.81,49.3,49.37,2.264,1455.4,99.2,0.94,7234,Healthy
MOTOR-0247,6850.0,0.7694,0.7255,100.53,88.3,50.77,54.69,50.17,0.964,1514.0,66.89,0.984,441,Imminent Failure
MOTOR-0248,2091.9,0.8524,0.6194,70.89,90.34,40.78,42.1,48.66,2.158,1463.9,89.05,0.871,5555,Imminent Failure
MOTOR-0249,3903.7,0.6794,0.5466,90.86,106.43,49.23,46.29,45.47,2.899,1514.8,86.48,0.56,3440,Imminent Failure
MOTOR-0250,1550.7,0.6,0.4377,58.47,87.82,47.7,51.33,47.99,1.073,1520.4,94.65,0.904,6179,Healthy
MOTOR-0251,5572.2,0.9592,0.6677,85.86,96.81,54.15,50.4,45.79,2.997,1490.3,69.89,0.824,1901,Imminent Failure
MOTOR-0252,7320.6,0.9538,0.4494,103.53,101.36,45.3,50.3,52.8,1.915,1500.6,59.2,0.669,0,Imminent Failure
MOTOR-0253,3611.1,0.6724,0.6089,76.07,72.61,46.79,61.77,46.98,2.246,1418.3,83.65,0.942,4027,Imminent Failure
MOTOR-0254,1717.8,0.7524,0.8409,68.04,88.04,53.29,51.07,40.52,0.757,1476.1,91.24,0.783,5983,Healthy
MOTOR-0255,2342.4,0.9979,0.479,62.69,74.52,47.54,53.65,39.6,1.929,1502.0,84.0,0.926,5396,Degraded
MOTOR-0256,8199.3,0.9576,0.7137,98.26,90.5,42.46,46.46,39.37,1.533,1498.5,60.29,0.835,0,Imminent Failure
MOTOR-0257,2749.7,0.655,0.5992,67.09,107.12,60.76,43.04,51.09,2.869,1455.6,85.44,0.644,5055,Imminent Failure
MOTOR-0258,7769.6,0.9141,0.9082,87.55,93.01,42.61,46.43,42.24,2.714,1474.1,62.74,0.988,0,Imminent Failure
MOTOR-0259,3378.9,0.8655,0.6522,65.26,79.36,47.68,51.56,49.5,1.19,1429.3,84.43,0.786,4441,Degraded
MOTOR-0260,1968.5,0.5085,0.2201,83.36,95.46,49.73,50.03,48.68,2.841,1488.3,88.33,0.758,5609,Imminent Failure
MOTOR-0261,7300.4,0.8233,0.7596,96.14,85.12,49.34,50.02,47.68,2.654,1442.3,65.4,0.702,0,Imminent Failure
MOTOR-0262,4738.6,0.5063,0.8982,78.96,85.0,47.05,46.93,50.19,1.771,1502.6,74.81,0.568,2866,Imminent Failure
MOTOR-0263,409.6,0.3429,0.4911,57.0,93.31,47.08,46.13,48.79,0.246,1503.7,96.65,0.843,7612,Healthy
MOTOR-0264,9603.4,0.9025,0.6456,106.1,99.63,46.83,47.1,34.45,0.482,1470.5,50.39,0.715,0,Imminent Failure
MOTOR-0265,1562.8,0.5697,0.4963,66.76,67.51,42.42,51.62,46.38,0.231,1490.4,95.58,0.967,6239,Healthy
MOTOR-0266,3598.7,0.9453,0.3903,66.95,92.64,58.75,52.2,50.13,0.324,1475.7,81.16,0.983,4200,Healthy
MOTOR-0267,3909.5,0.7759,0.7043,62.63,83.85,46.9,42.97,56.2,2.931,1484.8,84.57,0.884,3906,Imminent Failure
MOTOR-0268,4945.4,0.6105,0.4831,74.67,105.29,50.98,51.81,56.43,0.637,1457.1,80.62,0.621,2884,Degraded
MOTOR-0269,7875.9,0.7846,0.7239,76.99,89.69,46.33,44.75,41.18,2.073,1492.4,58.4,0.858,0,Imminent Failure
MOTOR-0270,160.3,0.7142,0.3035,60.5,90.83,46.23,50.34,46.25,1.91,1447.2,90.44,0.51,7790,Healthy
MOTOR-0271,9331.5,1.1356,0.7077,98.95,116.42,45.72,47.04,40.17,1.893,1443.4,56.48,0.913,0,Imminent Failure
MOTOR-0272,6495.3,0.829,0.8381,81.48,84.48,40.25,55.83,55.6,0.62,1477.6,66.5,0.747,912,Imminent Failure
MOTOR-0273,9511.4,0.9092,0.7929,96.38,97.09,47.2,45.91,53.06,1.738,1475.8,49.84,0.968,0,Imminent Failure
MOTOR-0274,8192.2,1.0783,0.6606,83.79,100.27,45.96,48.89,49.75,1.877,1485.4,57.27,0.689,0,Imminent Failure
MOTOR-0275,9285.6,0.8153,0.634,93.38,90.0,53.86,51.03,48.83,1.711,1467.0,52.33,0.632,0,Imminent Failure
MOTOR-0276,6049.9,0.8613,0.4174,98.52,94.8,42.02,43.63,54.9,0.558,1517.7,73.64,0.998,1348,Imminent Failure
MOTOR-0277,3637.4,1.0228,0.3953,73.12,85.03,45.11,47.64,54.06,2.169,1483.2,82.29,0.765,3903,Imminent Failure
MOTOR-0278,4484.8,0.755,0.5928,81.53,86.52,43.51,46.67,53.79,0.22,1484.7,81.43,0.932,3053,Imminent Failure
MOTOR-0279,6614.5,0.7144,0.7822,72.32,93.72,55.21,45.43,50.28,1.774,1483.9,68.41,0.956,1068,Imminent Failure
MOTOR-0280,4326.6,0.7779,0.5058,90.14,89.37,43.65,45.8,46.25,1.309,1500.1,77.44,0.759,3246,Imminent Failure
MOTOR-0281,7343.6,0.7967,0.8822,83.21,96.33,50.81,53.56,51.84,0.751,1491.5,62.11,0.728,371,Imminent Failure
MOTOR-0282,1009.3,0.3413,0.3543,76.43,76.03,52.85,45.01,52.08,2.422,1488.8,96.64,0.776,6758,Imminent Failure
MOTOR-0283,8316.9,1.021,0.7041,88.97,91.08,47.27,50.83,47.05,0.528,1494.7,60.88,0.924,0,Imminent Failure
MOTOR-0284,2121.5,0.7737,0.3553,76.26,83.06,41.12,49.57,46.24,2.799,1443.5,92.38,0.982,5604,Imminent Failure
MOTOR-0285,9445.1,0.9256,0.8967,98.7,98.44,41.18,41.02,53.67,2.654,1444.3,51.99,0.664,0,Imminent Failure
MOTOR-0286,1639.9,0.5254,0.7173,66.3,78.89,52.3,50.6,56.32,1.082,1478.5,92.33,0.869,6164,Healthy
MOTOR-0287,1378.7,0.4247,0.2437,77.87,86.0,41.7,40.93,44.25,0.915,1476.0,94.86,0.643,6303,Degraded
MOTOR-0288,8137.6,0.8844,0.684,83.34,78.13,49.96,51.14,46.68,0.412,1491.6,58.16,0.805,0,Imminent Failure
MOTOR-0289,8205.1,0.8259,0.88,95.84,89.11,48.57,45.46,49.75,2.749,1480.4,55.57,0.902,0,Imminent Failure
MOTOR-0290,7413.7,0.719,0.5229,84.12,92.03,49.89,48.04,50.43,1.883,1491.6,60.51,0.943,0,Imminent Failure
MOTOR-0291,9609.3,1.2643,0.8524,96.62,90.66,50.36,41.53,45.39,0.095,1455.1,51.23,0.724,0,Imminent Failure
MOTOR-0292,2778.3,0.7089,0.6577,69.64,101.85,43.33,48.61,57.42,1.533,1479.8,88.09,0.685,5019,Degraded
MOTOR-0293,8283.8,1.0001,0.7407,90.25,96.76,43.12,52.63,50.11,0.257,1453.2,62.36,0.627,0,Imminent Failure
MOTOR-0294,3585.2,0.8118,0.6094,67.16,88.94,51.57,43.97,50.66,1.721,1487.7,78.01,0.567,4006,Degraded
MOTOR-0295,5420.2,0.8867,0.8281,83.24,86.01,44.85,44.96,56.79,1.527,1442.4,71.11,0.682,2273,Imminent Failure
MOTOR-0296,4511.4,0.6636,0.8143,78.89,88.87,34.25,50.27,45.75,0.249,1487.0,76.37,0.936,2983,Imminent Failure
MOTOR-0297,157.9,0.5488,0.3989,61.15,68.16,51.24,50.4,47.56,2.448,1450.6,101.59,0.709,7597,Healthy
MOTOR-0298,5787.2,0.749,0.5676,81.92,89.88,42.82,35.83,41.73,0.787,1472.3,69.48,0.659,1724,Imminent Failure
MOTOR-0299,7500.3,0.9408,0.5896,88.57,85.63,50.34,58.08,47.14,1.624,1497.9,61.21,0.87,40,Imminent Failure
MOTOR-0300,1828.1,0.6427,0.5904,65.55,80.88,54.96,50.64,40.56,1.917,1484.5,86.62,0.608,6000,Degraded
MOTOR-0301,9323.4,0.9088,0.6083,91.94,73.05,48.08,51.48,51.74,2.887,1447.1,54.83,0.628,0,Imminent Failure
MOTOR-0302,5351.0,0.5682,0.5837,73.01,79.42,52.98,47.28,50.1,1.481,1466.6,72.76,0.968,2292,Imminent Failure
MOTOR-0303,1864.6,0.6152,0.4869,89.36,98.37,48.77,38.72,46.61,2.752,1450.0,88.71,0.541,5427,Imminent Failure
MOTOR-0304,6494.9,0.7941,0.5994,92.96,101.29,55.94,51.37,47.5,1.065,1446.1,66.75,0.707,1008,Imminent Failure
MOTOR-0305,2000.0,0.3164,0.5136,73.18,97.19,42.69,45.17,51.81,2.572,1482.4,93.38,0.788,5817,Imminent Failure
MOTOR-0306,729.0,0.6126,0.7369,76.56,95.34,47.96,50.72,42.32,0.707,1491.2,93.34,0.615,7089,Degraded
MOTOR-0307,6884.6,0.989,0.6608,69.82,100.5,51.37,46.91,49.02,2.122,1488.8,63.05,0.641,821,Imminent Failure
MOTOR-0308,1195.9,0.939,0.3956,48.13,77.86,47.05,49.19,51.5,0.266,1492.1,97.78,0.611,6597,Healthy
MOTOR-0309,1151.6,0.4989,0.5679,65.26,71.93,53.76,44.13,39.09,2.958,1479.8,94.47,0.673,6532,Degraded
MOTOR-0310,7425.4,0.7905,0.7258,76.25,106.32,45.84,52.32,51.42,2.862,1474.5,64.88,0.949,208,Imminent Failure
MOTOR-0311,646.5,0.3659,0.5986,65.05,81.94,58.35,42.06,39.63,1.327,1458.5,97.97,0.716,7203,Healthy
MOTOR-0312,8116.7,0.9371,0.7444,91.0,121.17,58.61,59.23,47.41,1.572,1471.2,59.31,0.709,0,Imminent Failure
MOTOR-0313,7981.9,0.9294,0.6895,96.31,92.31,49.41,59.19,42.18,1.793,1453.6,59.05,0.693,0,Imminent Failure
MOTOR-0314,1499.8,0.4533,0.2459,60.39,102.73,50.76,56.16,55.16,0.825,1463.1,95.0,0.982,6549,Healthy
MOTOR-0315,5232.0,0.7354,0.4149,83.89,88.9,53.96,54.38,42.21,2.023,1481.8,77.33,0.559,2322,Imminent Failure
MOTOR-0316,1056.6,0.256,0.222,68.28,95.47,42.06,47.58,39.75,2.096,1477.6,97.97,0.936,6830,Degraded
MOTOR-0317,6362.5,0.9571,0.7,86.87,109.69,41.44,53.83,48.67,1.575,1541.3,64.63,0.664,1008,Imminent Failure
MOTOR-0318,723.0,0.4205,0.2655,63.01,71.22,54.28,47.52,45.93,0.443,1453.1,100.3,0.978,7227,Healthy
MOTOR-0319,9450.4,0.9673,0.9287,104.42,94.05,49.37,40.23,40.48,2.758,1477.5,51.67,0.658,0,Imminent Failure
MOTOR-0320,2156.5,0.3938,0.4899,70.64,73.98,46.87,55.52,50.63,0.345,1451.5,86.95,0.541,5657,Healthy
MOTOR-0321,6860.7,0.7557,0.6451,99.78,81.42,48.06,53.64,38.04,1.888,1472.2,65.19,0.76,157,Imminent Failure
MOTOR-0322,1370.1,0.5266,0.3535,62.79,89.41,36.07,47.84,42.82,0.309,1473.1,95.64,0.614,6392,Healthy
MOTOR-0323,2175.0,0.6071,0.5617,77.47,82.38,47.05,41.87,45.12,0.438,1496.9,90.75,0.876,5471,Degraded
MOTOR-0324,4564.4,0.8002,0.486,78.22,89.65,44.23,45.07,52.01,0.062,1471.0,76.41,0.829,3313,Imminent Failure
MOTOR-0325,5773.7,1.0045,0.5127,79.7,97.11,52.59,38.89,54.48,1.09,1476.2,73.64,0.843,1592,Imminent Failure
MOTOR-0326,9988.7,1.1093,0.9422,100.02,81.4,52.98,52.73,53.51,1.919,1471.4,50.48,0.597,0,Imminent Failure
MOTOR-0327,356.7,0.6622,0.4568,63.68,93.58,50.88,39.98,47.23,1.565,1452.0,96.5,0.854,7505,Healthy
MOTOR-0328,103.1,0.7221,0.3759,44.01,76.72,49.98,49.43,35.86,2.024,1467.0,97.36,0.656,8000,Healthy
MOTOR-0329,3568.6,0.7639,0.6197,51.2,92.46,40.51,43.78,49.95,2.025,1472.4,83.39,0.999,4445,Healthy
MOTOR-0330,3724.9,0.6807,0.5501,86.35,93.66,50.95,40.87,55.35,0.421,1481.5,81.13,0.866,3876,Imminent Failure
MOTOR-0331,8850.0,1.0939,0.8,101.39,111.41,51.15,49.19,54.17,0.172,1491.2,51.62,0.795,0,Imminent Failure
MOTOR-0332,9134.6,1.1177,0.6674,107.5,97.22,54.23,46.33,50.31,1.876,1475.3,56.87,0.934,0,Imminent Failure
MOTOR-0333,8817.2,1.0381,1.0011,91.31,76.4,58.59,52.19,42.05,1.96,1475.0,54.47,0.795,0,Imminent Failure
MOTOR-0334,1517.5,0.3577,0.3911,59.21,83.61,39.54,41.66,45.37,1.67,1445.6,97.19,0.776,6382,Healthy
MOTOR-0335,4179.8,0.5828,0.7539,74.18,90.37,46.06,44.21,57.67,0.737,1490.8,74.89,0.619,3616,Degraded
MOTOR-0336,7484.3,0.833,0.6767,87.54,84.63,44.29,36.06,40.92,2.432,1466.1,62.04,0.839,0,Imminent Failure
MOTOR-0337,3194.8,0.7767,0.6246,66.53,87.86,48.86,37.08,42.26,0.227,1494.9,81.93,0.687,4709,Healthy
MOTOR-0338,6666.1,0.8301,0.7547,98.19,89.72,48.07,56.99,52.71,1.897,1506.3,63.74,0.522,617,Imminent Failure
MOTOR-0339,2447.7,0.7929,0.6355,90.26,71.47,46.83,58.42,45.84,0.361,1476.2,86.3,0.908,4983,Imminent Failure
MOTOR-0340,3301.9,0.8624,0.4312,78.73,93.32,53.14,48.46,42.09,1.963,1459.5,88.8,0.526,4096,Imminent Failure
MOTOR-0341,8618.3,1.1108,0.8738,90.77,91.6,42.49,43.88,55.64,1.253,1479.7,57.34,0.836,0,Imminent Failure
MOTOR-0342,2580.0,0.8098,0.7248,62.38,81.1,42.79,46.51,50.31,2.154,1487.0,84.72,0.578,5353,Degraded
MOTOR-0343,9646.8,0.8268,0.7548,106.31,94.67,42.88,52.37,46.09,0.157,1473.7,46.28,0.716,0,Imminent Failure
MOTOR-0344,3132.0,0.729,0.5294,75.01,98.62,46.2,45.43,42.27,1.665,1468.7,79.18,0.93,4550,Imminent Failure
MOTOR-0345,332.9,0.4255,0.3505,63.69,80.26,41.86,49.19,58.24,0.435,1491.3,96.73,0.547,7501,Healthy
MOTOR-0346,2623.5,0.3838,0.4634,76.72,86.04,47.76,47.94,47.88,2.047,1490.0,84.98,0.834,5060,Imminent Failure
MOTOR-0347,1794.9,0.5466,0.6772,65.7,79.18,47.17,45.16,54.99,0.36,1473.1,90.35,0.806,5937,Healthy
MOTOR-0348,5117.6,0.9546,0.4842,81.53,94.86,44.07,45.37,52.47,0.221,1446.9,67.6,0.934,2447,Imminent Failure
MOTOR-0349,1215.9,0.6299,0.3356,57.11,95.92,52.37,49.47,45.4,2.139,1489.1,93.65,0.586,6749,Healthy
MOTOR-0350,6297.9,1.1176,0.8452,92.59,99.07,47.7,43.12,45.44,0.191,1464.7,71.59,0.9,1091,Imminent Failure
MOTOR-0351,8761.5,0.9647,0.8254,90.45,104.39,53.31,50.26,55.23,0.674,1484.3,61.06,0.725,0,Imminent Failure
MOTOR-0352,3688.9,1.0516,0.802,85.34,93.44,47.02,45.64,55.31,2.474,1483.0,75.87,0.714,3687,Imminent Failure
MOTOR-0353,1768.1,0.615,0.4167,68.7,69.73,47.88,48.64,38.62,2.429,1442.2,88.76,0.681,6034,Degraded
MOTOR-0354,4060.2,0.7064,0.5776,76.09,79.36,45.19,54.92,50.75,2.562,1481.6,77.14,0.693,3534,Imminent Failure
MOTOR-0355,7881.1,0.7021,0.636,78.94,93.71,47.96,47.16,47.39,0.978,1490.3,61.03,0.76,0,Imminent Failure
MOTOR-0356,5955.7,0.9644,0.6554,88.95,84.65,51.56,52.6,42.83,1.584,1492.7,66.56,0.553,1635,Imminent Failure
MOTOR-0357,1101.3,0.4797,0.2312,61.3,71.56,45.94,39.04,49.31,2.32,1482.3,99.54,0.713,6694,Healthy
MOTOR-0358,5418.2,0.6739,0.6989,77.36,72.11,50.59,45.65,41.25,0.411,1440.5,73.04,0.826,2357,Imminent Failure
MOTOR-0359,4734.0,0.9289,0.6282,79.21,76.0,43.94,48.14,45.67,2.173,1505.5,75.96,0.749,2686,Imminent Failure
MOTOR-0360,3338.4,0.8407,0.5266,75.99,84.11,51.8,57.62,44.01,0.292,1488.2,88.09,0.583,4385,Degraded
MOTOR-0361,1190.6,0.7293,0.4008,54.92,81.69,45.1,38.2,45.5,2.74,1455.9,94.0,0.682,6803,Healthy
MOTOR-0362,9813.0,0.9363,0.6851,92.59,91.7,52.26,47.52,47.64,1.912,1464.2,52.14,0.721,0,Imminent Failure
MOTOR-0363,1842.8,0.5845,0.561,76.89,84.47,48.3,55.28,42.92,1.48,1484.6,88.53,0.834,5696,Imminent Failure
MOTOR-0364,2008.2,0.5914,0.3398,68.0,79.68,55.6,44.07,55.87,1.454,1493.6,85.85,0.95,5588,Degraded
MOTOR-0365,1541.3,0.6944,0.5231,67.83,93.99,42.23,46.94,50.47,0.544,1470.2,90.46,0.775,6200,Healthy
MOTOR-0366,5744.9,1.0203,0.8787,83.53,89.87,40.62,49.66,56.97,1.038,1496.5,77.84,0.838,1795,Imminent Failure
MOTOR-0367,4492.3,0.7798,0.758,77.47,95.95,44.92,48.92,47.2,2.181,1444.1,79.44,0.539,2991,Imminent Failure
MOTOR-0368,2570.6,0.9248,0.3222,64.47,87.17,41.08,55.83,45.26,1.623,1459.2,87.97,0.977,5213,Degraded
MOTOR-0369,4351.3,0.8521,0.5096,77.76,74.68,41.09,50.24,56.79,1.588,1438.7,75.31,0.658,3092,Imminent Failure
MOTOR-0370,6767.9,0.8032,0.7213,93.26,92.63,51.11,54.64,45.11,0.586,1462.1,68.89,0.677,607,Imminent Failure
MOTOR-0371,2888.8,0.7687,0.5071,65.26,73.42,47.98,46.2,47.11,2.071,1510.2,81.48,0.611,4777,Degraded
MOTOR-0372,9160.9,1.2139,0.5985,89.49,97.24,45.6,44.3,51.6,1.176,1521.2,49.49,0.542,0,Imminent Failure
MOTOR-0373,3132.8,0.9564,0.5716,63.35,78.81,46.07,46.87,41.81,0.548,1484.7,82.66,0.895,4634,Healthy
MOTOR-0374,2062.0,0.7811,0.4813,78.72,87.94,45.01,42.2,51.56,2.831,1467.2,95.55,0.62,5372,Imminent Failure
MOTOR-0375,9550.2,0.9814,1.0117,92.91,85.68,56.25,50.42,50.92,1.52,1475.6,57.94,0.641,0,Imminent Failure
MOTOR-0376,8124.6,0.8737,0.6946,82.57,96.4,44.32,46.07,54.35,1.584,1489.5,58.02,0.591,0,Imminent Failure
MOTOR-0377,3497.1,0.7613,0.68,76.23,92.72,41.39,44.64,52.45,2.944,1448.7,80.49,0.987,3963,Imminent Failure
MOTOR-0378,8430.2,1.1726,0.5852,80.66,105.94,51.98,50.49,54.5,1.099,1468.6,52.93,0.891,0,Imminent Failure
MOTOR-0379,5236.3,0.8269,0.4861,72.44,82.83,46.92,42.28,47.45,2.829,1508.7,74.05,0.965,2366,Imminent Failure
MOTOR-0380,3532.8,0.7448,0.6279,63.92,87.24,58.19,51.85,43.69,2.085,1459.1,82.82,0.931,4052,Degraded
MOTOR-0381,8412.2,0.9283,0.8665,81.7,98.67,45.37,45.61,58.55,1.899,1465.0,60.31,0.953,0,Imminent Failure
MOTOR-0382,7546.4,0.8281,0.587,98.5,110.56,52.23,53.8,40.37,0.703,1480.3,65.0,0.74,0,Imminent Failure
MOTOR-0383,3049.0,0.6281,0.5248,68.28,71.28,53.41,46.04,40.87,0.155,1485.7,84.16,0.585,4695,Healthy
MOTOR-0384,6106.1,0.8256,0.4785,87.05,83.1,45.39,51.16,50.83,1.313,1467.5,71.14,0.663,1508,Imminent Failure
MOTOR-0385,3757.0,0.9456,0.5285,69.58,115.56,44.29,48.9,56.12,0.031,1481.5,79.11,0.646,3899,Degraded
MOTOR-0386,110.4,0.4696,0.5048,71.41,77.49,51.71,51.72,48.95,0.213,1492.2,101.06,0.859,7744,Healthy
MOTOR-0387,9622.0,0.989,0.7327,85.66,80.33,50.87,48.55,53.0,1.786,1519.2,50.37,0.513,0,Imminent Failure
MOTOR-0388,5541.3,0.6473,0.5918,81.94,85.26,40.95,39.68,38.02,2.173,1477.5,73.67,0.571,2055,Imminent Failure
MOTOR-0389,6024.5,0.9087,0.5054,83.5,64.36,42.36,53.04,45.5,0.504,1479.2,71.01,0.841,1364,Imminent Failure
MOTOR-0390,6038.9,1.0069,0.5638,101.74,94.49,35.32,47.56,38.63,2.198,1510.5,70.01,0.562,1048,Imminent Failure
MOTOR-0391,5551.4,1.0212,0.833,86.7,99.2,50.98,51.95,51.9,2.849,1469.0,74.63,0.524,1950,Imminent Failure
MOTOR-0392,2971.5,0.6791,0.5276,69.17,76.83,46.69,51.45,40.26,2.23,1453.5,80.43,0.555,4683,Imminent Failure
MOTOR-0393,9718.6,1.0721,0.6685,99.64,94.73,47.19,44.13,41.61,2.354,1485.0,48.21,0.845,0,Imminent Failure
MOTOR-0394,6254.5,0.7897,0.6124,100.87,101.75,39.54,43.43,50.57,2.102,1501.5,67.92,0.57,943,Imminent Failure
MOTOR-0395,6742.1,0.9163,0.478,72.19,75.98,42.51,51.28,53.31,0.674,1487.2,61.96,0.573,961,Imminent Failure
MOTOR-0396,4602.4,0.7772,0.4624,72.07,75.99,45.61,46.48,47.21,1.083,1478.1,75.77,0.615,2965,Imminent Failure
MOTOR-0397,2949.8,0.6562,0.6812,71.95,83.62,44.64,52.68,50.85,2.848,1451.0,84.13,0.875,4668,Imminent Failure
MOTOR-0398,737.1,0.5575,0.4124,63.87,73.95,48.59,47.11,50.69,1.984,1478.8,100.24,0.6,7021,Healthy
MOTOR-0399,3567.3,0.7462,0.7696,73.04,84.2,50.92,53.12,46.92,2.367,1504.7,82.59,0.518,4114,Imminent Failure
MOTOR-0400,1843.4,0.548,0.4623,60.1,71.05,59.35,50.12,42.53,2.906,1455.3,93.87,0.953,6043,Degraded
MOTOR-0401,6654.7,0.7964,0.6619,96.2,95.45,47.9,49.44,50.82,0.694,1475.1,67.63,0.938,744,Imminent Failure
MOTOR-0402,8802.1,1.1962,0.829,80.03,96.11,53.58,46.13,51.07,0.965,1472.3,54.38,0.592,0,Imminent Failure
MOTOR-0403,3097.3,1.0614,0.2032,72.69,91.69,43.85,49.16,52.47,1.934,1466.0,84.91,0.633,4424,Imminent Failure
MOTOR-0404,3395.5,0.4891,0.5604,83.55,88.8,39.63,53.96,49.56,0.073,1485.0,85.21,0.594,4244,Imminent Failure
MOTOR-0405,6736.6,0.6479,0.6636,84.97,95.54,46.24,47.73,42.16,1.714,1488.9,69.9,0.86,680,Imminent Failure
MOTOR-0406,1577.8,0.4353,0.6414,61.9,68.69,40.01,50.66,51.45,2.426,1488.7,91.71,0.625,6417,Healthy
MOTOR-0407,9301.4,0.9496,0.8878,82.11,103.53,48.07,48.23,47.99,1.831,1460.5,48.55,0.966,0,Imminent Failure
MOTOR-0408,3702.1,0.8195,0.412,74.27,84.1,44.1,48.62,45.59,0.886,1447.1,76.34,0.914,3936,Imminent Failure
MOTOR-0409,1101.9,0.6438,0.5931,62.25,80.54,38.23,56.62,46.53,2.172,1485.2,93.51,0.794,6792,Healthy
MOTOR-0410,1829.4,0.6173,0.4417,72.13,94.14,56.68,54.01,44.55,0.438,1469.9,83.84,0.504,5919,Degraded
MOTOR-0411,9334.2,1.046,0.6648,81.79,91.47,45.31,48.4,52.44,2.684,1516.8,58.71,0.942,0,Imminent Failure
MOTOR-0412,2546.5,0.5235,0.5255,79.14,98.6,39.81,49.07,40.91,0.303,1517.7,89.06,0.864,5021,Degraded
MOTOR-0413,6656.5,0.7962,0.6419,85.89,107.76,52.49,44.49,43.03,2.59,1519.8,64.81,0.894,899,Imminent Failure
MOTOR-0414,1646.0,0.5793,0.6505,71.46,90.82,44.36,47.14,46.36,1.493,1461.2,88.44,0.536,6105,Degraded
MOTOR-0415,2021.6,0.3634,0.5217,82.59,74.24,53.45,49.55,56.07,1.286,1491.4,92.98,0.854,5435,Imminent Failure
MOTOR-0416,8804.5,0.766,0.7769,87.91,75.75,44.33,52.25,53.27,1.502,1497.4,52.64,0.902,0,Imminent Failure
MOTOR-0417,1565.5,0.41,0.5707,63.89,93.92,45.3,51.75,39.8,0.601,1495.2,89.12,0.978,6295,Healthy
MOTOR-0418,285.6,0.6289,0.5426,61.47,81.69,49.72,42.45,54.76,1.373,1472.9,96.27,0.79,7513,Healthy
MOTOR-0419,5062.2,0.7899,0.6965,78.65,82.67,50.97,52.88,54.75,2.549,1505.6,75.03,0.754,2384,Imminent Failure
MOTOR-0420,8641.0,1.0237,0.916,90.2,109.02,51.84,47.56,42.13,2.403,1480.0,58.66,0.713,0,Imminent Failure
MOTOR-0421,3327.3,0.3904,0.6061,68.34,78.04,47.55,43.07,35.39,0.489,1482.6,86.94,0.851,4333,Healthy
MOTOR-0422,1368.8,0.3459,0.4749,52.92,78.5,50.64,54.68,47.64,2.02,1449.2,96.29,0.96,6599,Healthy
MOTOR-0423,9824.1,1.0907,0.9417,89.98,104.9,51.73,55.32,53.61,2.571,1492.9,50.88,0.8,0,Imminent Failure
MOTOR-0424,6799.7,0.4232,0.6611,88.28,82.46,49.0,49.32,55.96,2.459,1474.8,69.06,0.614,851,Imminent Failure
MOTOR-0425,8521.8,1.1098,0.7449,91.66,95.95,47.29,51.54,43.65,1.277,1489.3,55.38,0.509,0,Imminent Failure
MOTOR-0426,7546.2,0.6038,0.9084,97.23,105.98,40.77,51.84,56.76,0.144,1484.7,56.81,0.81,0,Imminent Failure
MOTOR-0427,7012.6,0.9771,0.8751,101.68,96.14,51.0,54.98,36.86,2.794,1483.6,62.92,0.932,311,Imminent Failure
MOTOR-0428,3907.2,0.5621,0.5553,82.8,100.29,48.21,51.64,46.16,1.188,1479.1,78.05,0.533,3542,Imminent Failure
MOTOR-0429,3311.0,0.8229,0.478,85.99,97.96,45.93,41.36,45.91,1.083,1495.7,81.55,0.699,4204,Imminent Failure
MOTOR-0430,7197.9,1.3411,0.8635,92.73,94.47,54.39,58.05,53.76,2.279,1476.0,61.13,0.97,98,Imminent Failure
MOTOR-0431,7195.5,0.5188,0.7839,100.27,71.02,40.86,53.33,54.49,0.792,1450.9,62.64,0.751,60,Imminent Failure
MOTOR-0432,9510.8,1.0798,0.8183,108.34,87.96,56.22,45.45,52.77,2.504,1491.4,54.31,0.61,0,Imminent Failure
MOTOR-0433,5729.7,0.5153,0.5906,89.8,99.09,47.89,42.85,41.25,0.228,1463.8,76.5,0.677,1737,Imminent Failure
MOTOR-0434,3016.7,0.7149,0.5605,79.7,70.53,49.59,50.52,52.31,2.222,1453.5,79.74,0.704,4623,Imminent Failure
MOTOR-0435,4946.3,0.7163,0.5952,78.2,86.63,46.02,46.61,50.55,2.897,1459.6,71.41,0.559,2442,Imminent Failure
MOTOR-0436,6175.8,0.8283,0.5673,83.2,95.74,39.66,49.65,39.64,2.987,1485.7,66.75,0.83,1330,Imminent Failure
MOTOR-0437,4324.6,0.5795,0.5885,75.27,103.34,47.3,51.72,37.66,2.771,1478.1,80.67,0.796,3281,Imminent Failure
MOTOR-0438,7932.2,1.0137,0.7491,93.77,90.11,49.67,45.17,53.19,2.612,1437.3,59.72,0.824,0,Imminent Failure
MOTOR-0439,5887.7,0.5771,0.5905,76.9,85.34,51.38,42.42,47.1,0.837,1472.3,68.39,0.805,1789,Imminent Failure
MOTOR-0440,193.4,0.6959,0.5162,64.05,79.86,47.01,49.93,41.57,2.9,1503.4,101.18,0.508,7720,Degraded
MOTOR-0441,5741.4,0.7257,0.7843,63.38,94.99,37.04,45.33,46.96,2.784,1471.0,74.16,0.587,2105,Imminent Failure
MOTOR-0442,6372.7,0.6082,0.7713,97.9,91.2,40.29,48.73,49.82,1.603,1476.7,68.08,0.583,951,Imminent Failure
MOTOR-0443,9161.1,1.1973,0.7333,90.72,108.81,58.26,41.28,47.59,1.206,1500.9,51.75,0.549,0,Imminent Failure
MOTOR-0444,4195.8,0.6997,0.6585,81.23,80.4,42.54,46.74,40.24,0.328,1495.9,79.83,0.868,3490,Imminent Failure
MOTOR-0445,5787.2,1.0755,0.6408,94.02,92.78,55.14,51.57,57.43,1.772,1500.4,70.36,0.56,1556,Imminent Failure
MOTOR-0446,4802.5,0.9233,0.4438,81.81,94.06,43.33,51.03,53.02,2.102,1424.5,75.26,0.834,2468,Imminent Failure
MOTOR-0447,5363.4,0.6484,0.6953,92.64,86.72,47.09,44.06,46.32,1.212,1514.7,71.65,0.589,1958,Imminent Failure
MOTOR-0448,766.3,0.5256,0.4482,57.37,89.93,51.13,42.16,46.52,1.218,1492.7,98.94,0.559,7345,Healthy
MOTOR-0449,8983.1,0.9673,1.0706,111.13,99.46,43.9,48.08,49.8,1.72,1529.2,55.83,0.581,0,Imminent Failure
MOTOR-0450,9113.1,1.1846,0.9394,101.04,106.11,55.96,50.81,42.35,0.083,1464.4,57.54,0.754,0,Imminent Failure
MOTOR-0451,5525.8,0.8419,0.7064,83.25,92.99,48.38,50.03,49.61,2.874,1444.7,76.38,0.823,2016,Imminent Failure
MOTOR-0452,5609.9,0.8069,0.6543,93.23,94.98,50.3,45.44,41.35,0.87,1480.1,73.33,0.906,1707,Imminent Failure
MOTOR-0453,669.8,0.5035,0.4464,57.66,75.02,46.66,49.49,47.65,0.423,1474.5,95.13,0.564,7127,Healthy
MOTOR-0454,6019.7,0.7934,0.5203,80.75,85.73,51.29,55.51,42.16,0.016,1493.1,73.02,0.808,1528,Imminent Failure
MOTOR-0455,4348.6,0.9131,0.3653,89.6,100.94,55.89,49.03,42.41,2.571,1501.5,79.65,0.887,3230,Imminent Failure
MOTOR-0456,7119.5,0.8565,0.5801,71.42,100.59,47.34,39.83,56.23,2.59,1478.3,72.21,0.656,449,Imminent Failure
MOTOR-0457,566.5,0.4691,0.4169,71.18,70.9,56.65,49.02,48.3,0.286,1475.2,98.1,0.54,7159,Healthy
MOTOR-0458,7137.8,0.7722,0.4328,90.67,96.08,44.94,58.22,49.04,0.457,1490.5,66.4,0.578,209,Imminent Failure
MOTOR-0459,2940.2,0.5639,0.4523,89.57,62.14,51.82,41.56,37.94,1.344,1474.9,86.17,0.546,4660,Imminent Failure
MOTOR-0460,6551.9,0.6173,0.6324,71.99,87.36,50.45,48.15,45.01,0.557,1473.2,66.94,0.944,1179,Degraded
MOTOR-0461,6308.5,0.7029,0.6265,96.8,102.23,42.66,46.87,50.31,2.207,1500.7,67.68,0.688,945,Imminent Failure
MOTOR-0462,2345.7,0.842,0.4144,67.56,83.44,49.07,48.48,48.97,0.174,1505.2,89.15,0.762,5584,Healthy
MOTOR-0463,4460.5,0.692,0.5374,74.81,90.1,48.04,48.97,37.23,1.649,1501.7,79.26,0.884,3263,Imminent Failure
MOTOR-0464,8372.8,1.0243,0.9418,80.34,66.58,43.73,53.7,49.04,1.148,1476.6,61.6,0.686,0,Imminent Failure
MOTOR-0465,6095.4,0.433,0.7233,74.58,88.27,49.79,48.42,49.83,1.395,1437.2,70.45,0.825,1510,Imminent Failure
MOTOR-0466,780.5,0.6243,0.364,70.57,84.94,48.73,54.39,54.42,1.274,1477.0,94.71,0.538,7089,Degraded
MOTOR-0467,4484.8,0.7,0.5712,69.56,93.62,47.64,47.41,44.72,0.459,1464.8,76.6,0.74,3295,Degraded
MOTOR-0468,3186.5,0.5871,0.5241,80.48,96.0,47.66,46.25,36.79,0.661,1477.4,80.1,0.548,4289,Imminent Failure
MOTOR-0469,6452.3,0.8498,0.5659,79.05,90.8,47.55,44.65,43.02,0.194,1466.6,72.72,0.624,983,Imminent Failure
MOTOR-0470,6184.2,0.7348,0.5551,73.85,90.71,46.16,38.91,42.51,0.346,1479.6,67.46,0.647,1414,Degraded
MOTOR-0471,202.9,0.1916,0.5294,61.39,67.08,48.7,49.38,51.68,2.934,1459.2,101.89,0.859,7601,Healthy
MOTOR-0472,6116.2,0.9441,0.5943,86.04,90.19,44.78,58.27,34.42,0.839,1454.4,70.25,0.837,1150,Imminent Failure
MOTOR-0473,7375.0,0.9052,0.5636,84.91,82.13,61.28,50.29,45.76,0.921,1504.5,64.04,0.874,8,Imminent Failure
MOTOR-0474,7710.4,0.8384,0.7032,88.4,76.94,40.95,51.43,55.13,0.381,1460.6,61.1,0.531,0,Imminent Failure
MOTOR-0475,683.9,0.3893,0.4415,72.62,70.52,45.08,45.93,48.04,2.265,1480.0,94.22,0.997,7010,Degraded
MOTOR-0476,3106.2,0.4348,0.2875,82.98,101.3,45.47,46.78,52.48,2.772,1499.1,81.56,0.527,4623,Imminent Failure
MOTOR-0477,4270.6,0.7471,0.5659,75.33,85.84,58.2,52.92,39.79,2.369,1498.3,83.83,0.913,3327,Imminent Failure
MOTOR-0478,1879.7,0.836,0.5793,62.29,85.96,41.4,58.04,39.99,1.838,1495.9,90.94,0.87,5922,Degraded
MOTOR-0479,4265.3,0.7437,0.6248,78.4,83.4,50.13,55.44,55.19,2.44,1486.1,82.05,0.796,3363,Imminent Failure
MOTOR-0480,804.2,0.3328,0.6997,71.18,63.7,49.24,52.03,48.51,1.213,1494.5,100.13,0.719,6976,Healthy
MOTOR-0481,1220.9,0.5948,0.599,56.98,91.8,49.67,48.18,48.52,2.578,1507.5,92.66,0.879,6743,Healthy
MOTOR-0482,6720.1,0.828,0.8427,78.04,71.72,54.18,49.05,42.41,2.396,1488.5,67.67,0.87,875,Imminent Failure
MOTOR-0483,2699.5,0.7646,0.844,67.34,79.85,54.08,44.23,48.5,0.005,1443.3,86.64,0.569,5125,Healthy
MOTOR-0484,7142.9,0.9482,0.7767,84.77,93.74,45.75,40.76,42.27,1.463,1469.4,60.81,0.896,604,Imminent Failure
MOTOR-0485,576.3,0.0809,0.4426,60.64,83.46,48.97,42.37,53.93,0.794,1493.9,96.56,0.539,7540,Healthy
MOTOR-0486,5670.8,0.8653,0.7437,87.67,84.08,38.68,48.25,61.64,0.259,1467.5,73.41,0.75,1700,Imminent Failure
MOTOR-0487,3975.3,0.5482,0.4919,64.08,69.57,48.5,46.54,50.42,2.539,1512.4,78.63,0.823,3890,Degraded
MOTOR-0488,7990.0,0.6862,0.7325,76.33,87.97,44.03,40.65,44.83,0.024,1478.7,59.08,0.911,0,Imminent Failure
MOTOR-0489,7861.1,0.8648,0.6367,85.91,88.23,47.07,47.81,35.33,2.19,1481.7,60.17,0.732,0,Imminent Failure
MOTOR-0490,3818.0,0.7525,0.6005,75.05,79.91,39.57,46.41,39.58,2.965,1502.5,87.24,0.618,3654,Imminent Failure
MOTOR-0491,6264.9,0.5671,0.5724,72.16,102.23,50.02,42.14,55.77,1.446,1476.3,63.17,0.745,1360,Imminent Failure
MOTOR-0492,2352.7,0.7233,0.4117,67.2,72.57,39.52,46.15,42.85,1.114,1483.5,89.74,0.625,5471,Degraded
MOTOR-0493,5846.0,0.9068,0.6835,79.33,94.7,48.74,46.4,46.15,1.817,1498.0,70.01,0.764,1803,Imminent Failure
MOTOR-0494,904.5,0.5523,0.4197,64.57,83.39,41.87,44.92,51.28,2.414,1450.6,93.56,0.731,6969,Degraded
MOTOR-0495,4402.6,0.59,0.3448,79.42,98.41,43.75,52.63,55.41,0.721,1474.3,77.15,0.89,3327,Imminent Failure
MOTOR-0496,1909.0,0.4485,0.3017,65.43,82.49,53.77,38.49,47.0,0.752,1496.6,92.46,0.62,6010,Healthy
MOTOR-0497,8845.5,1.0962,0.6161,103.36,105.6,50.94,38.07,45.98,1.822,1481.3,57.95,0.6,0,Imminent Failure
MOTOR-0498,4504.5,0.4985,0.4742,82.42,87.29,53.75,48.02,48.36,2.82,1509.3,78.04,0.737,3000,Imminent Failure
MOTOR-0499,5948.7,0.9571,0.6877,76.39,96.24,55.8,48.48,44.86,0.895,1448.5,73.53,0.525,1744,Imminent Failure
